<?xml version="1.0"?>
<presets xmlns="http://josm.openstreetmap.de/tagging-preset-1.0" shortdescription="Military Preset for Vespucci and JOSM" description="Military preset for Vespucci and JOSM, based on the original JOSM version">
<!--
    Format description: https://josm.openstreetmap.de/wiki/TaggingPresets
-->
   <chunk id="mil_aerodrome">
        <key key="aeroway" value="aerodrome" match="keyvalue"/>
        <text key="name" text="Name"/>
        <optional>
            <text key="iata" text="IATA"/>
            <text key="icao" text="ICAO"/>
           <text key="wikipedia" text="Wikipedia"/>
        </optional>
    </chunk>
    <chunk id="optional_name_operator">
    	<optional>
    		<text key="name" text="Name"/>
    		<text key="operator" text="Operator"/>
    	</optional>
    </chunk>
    <group name="Military" name_context="preset group" icon="military_military.png">
        <item name="Airfield" icon="military_airport.png" type="node,closedway,,multipolygon" preset_name_label="true">
            <link wiki="Tag:military=airfield"/>
            <space/>
            <key key="military" value="airfield" match="keyvalue!"/>
            <reference ref="mil_aerodrome"/>
        </item>
        <item name="Barracks" icon="military_barracks_23002.png" type="node,closedway,,multipolygon" preset_name_label="true">
            <link wiki="Tag:military=barracks"/>
            <space/>
            <key key="military" value="barracks"/>
            <reference ref="optional_name_operator"/>
        </item>
        <item name="Bunker" icon="military_bunker_23003.png" type="node,closedway,multipolygon" preset_name_label="true">
            <link wiki="Tag:military=bunker"/>
            <space/>
            <key key="military" value="bunker"/>
            <combo key="bunker_type" text="Type" values="pillbox,munitions,hardened_aircraft_shelter" display_values="Pillbox,Munitions,Hardened aircraft shelter" match="key"/>
            <combo key="location" text="Location" values="underground,overground" display_values="Underground,Overground" values_context="bunker"/>
            <reference ref="optional_name_operator"/>
            <check key="historic" text="Historic"/>
            <check key="ruins" text="Ruins"/>
        </item>
        <item name="Checkpoint" icon="military_checkpoint_23004.png" type="node,closedway,multipolygon" preset_name_label="true">
            <link wiki="Tag:military=bunker"/>
            <space/>
            <key key="military" value="checkpoint"/>
            <reference ref="optional_name_operator"/>
        </item>
        <item name="Danger area" icon="military_danger_area_23005.png" type="node,closedway,,multipolygon" preset_name_label="true">
            <link wiki="Tag:military=danger_area"/>
            <space/>
            <key key="military" value="danger_area"/>
            <reference ref="optional_name_operator"/>
        </item>
        <item name="Naval base" icon="military_naval_base_23006.png" type="node,closedway,,multipolygon" preset_name_label="true">
            <link wiki="Tag:military=naval_base"/>
            <space/>
            <key key="military" value="naval_base"/>
            <reference ref="optional_name_operator"/>
        </item>
        <item name="Office" icon="military_office.png" type="node,closedway,multipolygon" preset_name_label="true">
            <link wiki="Tag:military=office"/>
            <space/>
            <key key="military" value="office"/>
            <reference ref="optional_name_operator"/>
        </item>
        <item name="Range" icon="military_range_23007.png" type="node,closedway,multipolygon" preset_name_label="true">
            <link wiki="Tag:military=range" de.wiki="DE:Tag:military=range" pt_BR.wiki="Pt-br:Tag:military=range"/>
            <space/>
            <key key="military" value="range"/>
            <reference ref="optional_name_operator"/>
        </item>
        <item name="Trench" icon="military_trench_23008.png" type="node,way" preset_name_label="true">
            <link wiki="Tag:military=trench"/>
            <space/>
            <key key="military" value="trench"/>
            <check key="historic" text="Historic"/>
            <reference ref="optional_name_operator"/>
        </item>
        <separator/>
        <item name="Nuclear explosion site" icon="military_nuclear_explosion_site.png" type="node,way" preset_name_label="true">
            <link wiki="Tag:military=nuclear_explosion_site"/>
            <space/>
            <key key="military" value="nuclear_explosion_site"/>
            <optional>
    			<text key="name" text="Name"/>
    		</optional>
        </item>
        <item name="Military landuse" icon="military_military.png" type="closedway,multipolygon" name_context="Landuse" preset_name_label="true">
            <link wiki="Tag:landuse=military"/>
            <space/>
            <key key="landuse" value="military"/>
            <reference ref="optional_name_operator"/>
        </item> <!-- Military -->
    </group> <!-- Military -->
</presets>
